Buck Mcmahon;male;2000.05.26;university;Sales;4560;948 Bowne Street, Valle, New Hampshire, 3269;doloresmerritt@exiand.com;+1 (916) 455-2860
Buck Mcmahon;male;1978.10.30;university;Sales;4690;383 Lake Place, Cavalero, Guam, 9171;doloresmerritt@exiand.com;+1 (918) 560-2997
Dolores Merritt;female;1988.09.15;university;IT;4560;476 Oceanview Avenue, Columbus, District Of Columbia, 7565;cunninghamclay@exiand.com;+1 (854) 417-3684
Dolores Merritt;female;1980.01.23;university;Sales;3800;948 Bowne Street, Valle, New Hampshire, 3269;stevensonpeck@exiand.com;+1 (997) 541-2983
Dolores Merritt;female;1998.01.15;university;Management;4690;438 Falmouth Street, Omar, South Dakota, 2471;buckmcmahon@exiand.com;+1 (956) 585-2293
Rhodes Bean;male;1989.06.24;university;Sales;3950;438 Falmouth Street, Omar, South Dakota, 2471;spencermoon@exiand.com;+1 (966) 434-2988
Buck Mcmahon;male;1994.01.01;highschool;Sales;4500;946 Luquer Street, Muse, Tennessee, 601;spencermoon@exiand.com;+1 (966) 434-2988
Cunningham Clay;female;1998.01.15;university;IT;3800;511 Grove Street, Balm, Ohio, 5536;spencermoon@exiand.com;+1 (956) 585-2293
Stevenson Peck;female;2000.05.26;university;Sales;3150;161 Exeter Street, Henrietta, Puerto Rico, 4953;spencermoon@exiand.com;+1 (956) 585-2293
Maryellen Orr;female;1978.10.30;highschool;Sales;2100;383 Lake Place, Cavalero, Guam, 9171;buckmcmahon@exiand.com;+1 (997) 541-2983
Dolores Merritt;female;2000.05.26;university;IT;2100;383 Lake Place, Cavalero, Guam, 9171;maryellenorr@exiand.com;+1 (956) 585-2293
Maryellen Orr;female;1994.01.01;highschool;Sales;2100;383 Lake Place, Cavalero, Guam, 9171;buckmcmahon@exiand.com;+1 (901) 434-2590
Peter Cardenas;male;1998.01.15;university;Finance;3800;946 Luquer Street, Muse, Tennessee, 601;staceygarcia@exiand.com;+1 (916) 455-2860
Francis Lang;female;1998.01.15;highschool;Finance;1800;161 Exeter Street, Henrietta, Puerto Rico, 4953;staceygarcia@exiand.com;+1 (918) 560-2997
Francis Lang;male;1994.01.01;university;Management;3150;315 Boerum Street, Coyote, Vermont, 7986;maryellenorr@exiand.com;+1 (956) 585-2293
Stacey Garcia;female;1986.06.29;university;Sales;4690;476 Oceanview Avenue, Columbus, District Of Columbia, 7565;spencermoon@exiand.com;+1 (918) 560-2997
Peter Cardenas;female;1980.01.23;university;Sales;4690;946 Luquer Street, Muse, Tennessee, 601;maryellenorr@exiand.com;+1 (854) 417-3684
Peter Cardenas;male;2000.05.26;university;IT;3800;383 Lake Place, Cavalero, Guam, 9171;spencermoon@exiand.com;+1 (825) 525-2262
Dolores Merritt;male;1994.01.01;highschool;IT;4690;476 Oceanview Avenue, Columbus, District Of Columbia, 7565;maryellenorr@exiand.com;+1 (916) 455-2860
Francis Lang;female;1980.01.23;university;Sales;3150;438 Falmouth Street, Omar, South Dakota, 2471;francislang@exiand.com;+1 (825) 525-2262
